titre,date_production,materiaux,dimensions,provenance,culture,collection,description,image,id,artistes,artistes_id
Cour de Rouen,1908,Épreuve à la gélatine argentique,22.3 x 17.9 cm,Achat,Française,Collection Musée d’art contemporain de Montréal,"Au nom de la modernisation, Paris subit dès la seconde moitié du XIXe siècle une transformation radicale initiée par Napoléon III et menée à bien par le préfet Georges-Eugène Haussmann. L’invention de la photographie, à la même époque, confère de nouvelles possibilités qui seront exploitées par Eugène Atget à la tournée du siècle suivant. Considéré comme l’un des pionniers de la photographie documentaire, Atget compile un recueil visuel comportant majoritairement des prises de vue de l’architecture, des monuments, des jardins et des paysages parisiens. En 1898, il commence à documenter l’art et l’architecture du « vieux Paris », produisant plus de 3 000 photographies qu’il regroupera dans une même série intitulée << L’art du vieux Paris >>. Issue de ce corpus, cette photographie de la Cour de Rouen (aussi appelée « Cour de Rohan »), située dans le 6e arrondissement, témoigne d’une nostalgie palpable à l’égard d’un passé révolu, incarné dans les vestiges de l’ancienne cité. Atget privilégie ce point de vue fléchi par rapport à ses sujets, qu’il photographie à niveau, le plus souvent à partir de la rue. L’œuvre de ce photographe dévoué, mais malheureusement méconnu de son vivant, revêt aujourd’hui une valeur patrimoniale inestimable.",http://imagesrcip.macm.org/a7878ph1_in1.jpg,A 78 78 PH 1,"Atget, Eugène",380
Portrait d’homme,1805,Pastel sur papier,38.9 x 32.2 cm,Achat,Canadienne; Québécoise,Collection Lavalin du Musée d’art contemporain de Montréal,,,A 92 1027 PA 1,"Baillairgé, François",3491
"Blumenbachia Hieronymi (tirée de l’album « Karl Blossfeldt », 1975)",Vers 1925,"Épreuve à la gélatine argentique collée en plein sur carton (tirage postérieur), 22/50",32.5 x 43 cm,Achat,Allemande,Collection Musée d’art contemporain de Montréal,"Connu pour ses clichés photographiques de plantes et de végétaux, Karl Blossfeldt a été l’un des premiers photographes à utiliser le plan rapproché afin de dégager et de mettre en valeur la très grande beauté du monde botanique. En 1898, après un séjour passé à collecter des spécimens naturels en Italie, en Grèce et en Afrique, il devient professeur à l’école du Musée des arts décoratifs de Berlin, où il compile une archive de photographies botaniques à des fins d’études pour ses étudiants. Il photographie ses spécimens en plan rapproché sur fond uni, les magnifiant plusieurs fois de sorte que l’image finale en révèle leur sublime complexité. Représentés hors de leur contexte naturel, dans une composition d’allure froide et clinique, ils acquièrent ainsi un caractère quasi surnaturel qui inspirera plusieurs artistes par la suite. Au-delà de la simple représentation, ce tirage postérieur d’une photographie prise par l’artiste vers 1925 illustre la force de sa technique. La magnification de cette plante, un fruit de la famille des Loasacées, permet d’en apprécier les qualités purement formelles.",http://imagesrcip.macm.org/a7880ph1_in1.jpg,A 78 80 PH 1,"Blossfeldt, Karl",676
Le Mai,Vers 1945,Huile sur soie marouflée sur carton,44.5 x 52.5 cm,Achat,Canadienne; Québécoise,Collection Musée d’art contemporain de Montréal,,http://imagesrcip.macm.org/a7159p1_in1.jpg,A 71 59 P 1,"Bouchard, Simone Mary",867
Les Hirondelles,Vers 1945,Huile sur toile marouflée sur carton,46.9 x 42.4 cm,Achat,Canadienne; Québécoise,Collection Musée d’art contemporain de Montréal,"Simone Mary Bouchard est l’une des figures prédominantes de l’art populaire canadien. Née à Baie-Saint-Paul dans la région de Charlevoix, en 1912, elle grandit dans un havre de paix entourée de la nature et de sa famille. Adolescente, elle contribue à l’entreprise artisanale familiale en crochetant des paysages locaux sur des tapis. Autodidacte, elle s’initie à la peinture pour combler son temps libre et réalise des tableaux colorés, dits naïfs, illustrant des sujets folkloriques et des paysages qui célèbrent la beauté de la vie et du quotidien. Simultanément, il émerge au Canada et aux États-Unis un réel engouement pour l’art populaire, perçu comme un courant rafraîchissant dans le contexte progressiste qui caractérise le climat sociopolitique de l’époque. Les peintres populaires, tout comme les pionniers de l’art moderne, œuvrent dans une liberté d’expression totale qui se lasse des conventions esthétiques et académiques. Bouchard peint ce tableau quelques mois seulement avant son décès. À cette époque, elle jouit d’une réception critique favorable et ses œuvres sont présentées aux côtés de celles des plus grands peintres canadiens dans le cadre d’expositions à New York, à Andover au Massachusetts, à Montréal, à Québec, à Toronto et à Rio de Janeiro.",http://imagesrcip.macm.org/a7160p1_in1.jpg,A 71 60 P 1,"Bouchard, Simone Mary",867
Vase de fleurs dans un champ de quenouilles,1945,Huile sur toile,54.6 x 71.1 cm,Achat,Canadienne; Québécoise,Collection Lavalin du Musée d’art contemporain de Montréal,,http://imagesrcip.macm.org/a92690p1_in1.jpg,A 92 690 P 1,"Bouchard, Simone Mary",867
Glenview Creek,1934,Huile sur panneau de bois,29.3 x 38.1 cm,Achat,Canadienne,Collection Musée d’art contemporain de Montréal,"Considéré par plusieurs comme le « père de l’abstraction canadienne », Bertram Richard Brooker est connu pour sa nature polyvalente, sa carrière étant marquée tant par la diversité de ses occupations et métiers – il fut peintre, journaliste, écrivain, dramaturge et publiciste – que par ses recherches passionnées dans les domaines trop souvent opposés de la figuration et de l’expression picturale non-objective. Autodidacte, il commence à peindre vers 1926 et l’année suivante, lors de son exposition individuelle au Arts and Letters Club de Toronto, il devient le premier artiste canadien à exposer des œuvres abstraites. Ses tableaux, des compositions colorées aux lignes dynamiques qui expriment le rythme, se démarquent jusqu’à choquer, à une époque où sont primées les représentations paysagées du Groupe des Sept. Vers 1930, Brooker rencontre le peintre Lionel LeMoine FitzGerald avec lequel il se lie d’amitié. Influencé par les paysages de ce dernier, il délaisse l’abstraction au profit de nouvelles recherches figuratives. Au cours des années trente, il peint des natures mortes, de grands tableaux monumentaux dominés par la figure humaine simplifiée et souvent dénudée, ainsi que des paysages d’abord réalistes, puis d’inspiration cubiste. Réalisé en 1934, ce petit tableau s’inscrit au sein d’une production relevant des courants de la peinture naturaliste en vogue durant cette période. L’œuvre témoigne d’une recherche soutenue de simplification de la forme, qui se situe au centre des préoccupations de l’artiste.",http://imagesrcip.macm.org/a7610p1_in1.jpg,A 76 10 P 1,"Brooker, Bertram Richard",903
Sir John Frederic Herschel,1867,Héliogravure au grain,28.2 x 20.1 cm,Achat,Britannique,Collection Musée d’art contemporain de Montréal,"Connue avant tout pour ses portraits de célébrités et d’intellectuels de l’ère victorienne, Julia Margaret Cameron figure parmi les pionniers de la photographie du XIXe siècle. Elle s’est démarquée par son approche innovatrice et non conventionnelle, caractérisée par une utilisation délibérée du flou photographique à des fins expressives. Ce portrait de Sir John Herschel – scientiste et mathématicien éminent qui a contribué de manière importante aux domaines de l’astronomie et de la photographie – illustre de façon exemplaire la sensibilité quasi spirituelle qui anime à la fois les portraits et les travaux allégoriques de l’artiste. La prise de vue de face, le cadrage serré et le flou artistique de l’image sont autant de caractéristiques qui définissent la démarche distinctive de Cameron.",,A 78 84 PH 1,"Cameron, Julia Margaret",968
Forest Glade in Gray,Vers 1940,Huile sur papier collé sur carton,60.5 x 91.2 cm,Don de madame Iris Stern,Canadienne,Collection Musée d’art contemporain de Montréal,,http://imagesrcip.macm.org/d7457p1_in1.jpg,D 74 57 P 1,"Carr, Emily",995
Red Tree Trunks,Vers 1940,Huile sur papier collé en plein sur contreplaqué,61 x 91.5 cm,Don du docteur Max Stern,Canadienne,Collection Musée d’art contemporain de Montréal,"Peintre prolifique et écrivaine, Emily Carr figure aujourd’hui parmi les emblèmes les plus célébrés de la peinture canadienne du XXe siècle. Témoin d’une passion pour l’art des cultures autochtones et les grandioses paysages côtiers et forestiers de la Colombie-Britannique, où elle passera la majorité de sa vie, son œuvre transcende le subjectif pour évoquer la pulsion universelle d’une communion avec la nature. Au cours des années 1930, après avoir expérimenté plusieurs styles inspirés notamment du postimpressionnisme, du fauvisme et du cubisme, Carr entame une production axée sur l’esquisse à l’huile sur papier qu’elle exécute lors de nombreux séjours d’études au cœur des denses forêts qui entourent la ville de Victoria. Peu coûteux et facile à manier, ce médium lui permet de développer un style bien à elle. S’abandonnant à la spontanéité, son geste se libère et elle travaille désormais en << all-over >> pour traduire la vitalité et le rythme énergique de la nature. Créée vers 1940, << Red Tree Trunks >> témoigne de l’assurance acquise par Carr vers la fin de carrière. Au moyen d’une gestualité souple, l’artiste évoque le mouvement des arbres qui se balancent vivement dans le vent et déploie dans l’œuvre cette fluidité dynamique qui caractérise ses travaux les plus accomplis.",http://imagesrcip.macm.org/d7540p1_in1.jpg,D 75 40 P 1,"Carr, Emily",995
"Young and Old Trees, B.C.",Vers 1940,Huile sur papier collé en plein sur carton,57 x 87.5 cm,Don du docteur Max Stern,Canadienne,Collection Musée d’art contemporain de Montréal,,http://imagesrcip.macm.org/d7541p1_in1.jpg,D 75 41 P 1,"Carr, Emily",995
Landscape,1933 - 1940,Huile sur toile,51.5 x 69 cm,Don de madame Iris et du docteur Max Stern,Canadienne,Collection Musée d’art contemporain de Montréal,"D’une beauté mythique, les paysages enchanteurs d’Emily Carr exaltent la splendeur sauvage de la nature. Inspirée d’abord par les forêts denses et sombres de la Colombie-Britannique, Carr entame vers 1932 une nouvelle phase de production marquée par une ouverture de l’espace et une recherche de la lumière. Grâce aux croquis à l’huile sur papier qu’elle réalise lors d’excursions en forêt, elle développe une approche gestuelle et spontanée chargée d’expressivité et de mouvement. Exemplaire de cette évolution stylistique, le tableau << Landscape >> (1933-1940) illustre un paysage côtier ou riverain baigné de lumière qui s’étend sous un ciel infini. L’œuvre traduit l’intensité spirituelle ressentie par l’artiste pour la magnificence de l’Ouest canadien.",http://imagesrcip.macm.org/d7643p1_in1.jpg,D 76 43 P 1,"Carr, Emily",995
"Making Lace, Brittany Street",1911,Aquarelle sur papier,27.9 x 38.8 cm,Don de madame Iris et du docteur Max Stern,Canadienne,Collection Musée d’art contemporain de Montréal,,http://imagesrcip.macm.org/d7645a1_in1.jpg,D 76 45 A 1,"Carr, Emily",995
Glade,Vers 1940,Huile sur papier collée en plein sur carton,91.8 x 61.6 cm,Don de la Fondation Max et Iris Stern,Canadienne,Collection Musée d’art contemporain de Montréal,"Habitée d’une philosophie holistique où l’art et la vie s’entremêlent, Emily Carr est propulsée par une vision singulière qui marquera profondément l’histoire de la peinture canadienne. À l’instar de Lawren Harris et d’autres peintres du Groupe des Sept, elle trouve son havre spirituel dans la beauté des vastes paysages de l’Ouest canadien. Son œuvre est insufflée du charme envoûtant de la Colombie-Britannique, de ses forêts profondes, de ses sublimes panoramas côtiers et sauvages, et des majestueux totems de peuples amérindiens. Vers le début des années trente, elle élabore une technique à base d’huile diluée sur papier peu coûteuse et plus adaptée à ses longues et nombreuses excursions artistiques. Cette méthode lui permet de développer un style dynamique en captant l’immédiateté expressive du geste. L’œuvre << Glade >> (vers 1940) représente une clairière dans les bois aux alentours de la ville de Victoria. Il s’agit d’une œuvre tardive, réalisée quelques années seulement avant que l’artiste ne cesse de peindre en raison de sa santé défaillante. Les coups de pinceau directionnels, spontanés et chargés de couleur, dépeignent le rythme et la vitalité de la nature comme elle s’animait sous les yeux de l’artiste.",http://imagesrcip.macm.org/d88116p1_in1.jpg,D 88 116 P 1,"Carr, Emily",995
Summer Wood,Vers 1934 - 1936,Huile sur papier marouflé sur contreplaqué,62.2 x 89 cm,Achat,Canadienne,Collection Lavalin du Musée d’art contemporain de Montréal,,http://imagesrcip.macm.org/a92255p1_in1.jpg,A 92 255 P 1,"Carr, Emily",995
Trees on a Hillside,1910 - 1911,Huile sur carton,40.8 x 33 cm,Achat,Canadienne,Collection Lavalin du Musée d’art contemporain de Montréal,"En 1910, Emily Carr poursuit sa formation artistique en Europe et séjourne en France où elle découvre l’œuvre des grands peintres modernes. Délaissant les techniques traditionnelles de peinture acquises durant ses études à la California School of Design et à la Westminster School of Art en Angleterre, elle adopte une palette fauve pour représenter des paysages vibrants et colorés. << Trees on a Hillside >>, réalisée en Bretagne dans le cadre de ce même séjour, témoigne de l’influence postimpressionniste qui perdurera dans l’œuvre de l’artiste. De retour au Canada en 1912, Carr appliquera ce style à ses travaux sur la ville de Vancouver et à ses premières représentations de totems amérindiens.",http://imagesrcip.macm.org/a92939p1_in1.jpg,A 92 939 P 1,"Carr, Emily",995
Sans titre,1922 - 1923,Aquarelle et crayon sur papier,25 x 17 cm,Achat,Russe,Collection Musée d’art contemporain de Montréal,"Peintre, graphiste et designer, Ilya Chasnik oriente ses recherches théoriques vers le suprématisme de Kasimir Malevich, son maître. À partir de 1923, il se consacre à des projets théoriques basés sur son propre système suprématiste, dans lequel il utilise des éléments offrant un équilibre mesuré et une composition revêtant une tendance à la sérialité. L’œuvre << Sans titre >> (1922) reflète le principe propre à Malevich, à savoir la dynamique de la composition en croix que l’on retrouve aussi dans l’œuvre d’El Lissitzky. Chasnik emploie des tonalités froides qu’il rehausse fortement par des tons orange, violet et rouge, ce qui permet un agencement éclaté des formes. La construction, qui semble projetée librement dans l’espace, s’élabore autour d’un noyau central représenté par le cercle et d’une opposition – la verticale et l’horizontale. Cette superposition démontre un souci d’équilibre et de rythme, sorte de schéma, où le mouvement des formes existe dans un état latent et dont le rythme est pondéré.",,A 81 55 D 1,"Chasnik, Ilya",1034
Implications of White,1984 - 1985,"Huile, plâtre, métal, ciment et cire sur bois",114.2 x 203 x 4.9 cm,Achat,Canadienne; Québécoise,Collection Musée d’art contemporain de Montréal,"Durant plus de vingt ans, de la fin des années 1960 jusqu’à son décès, en 1990, Louis Comtois développe une approche picturale essentiellement abstraite et tributaire des acquis réalisés par le mouvement plasticien, en particulier par Fernand Leduc. Portant une attention particulière aux rapports couleur/lumière et couleur/langage, ses œuvres se démarquent par l’utilisation de couleurs difficilement descriptibles, constituées à partir de différents tons de peinture appliqués en une multitude de couches minces. L’année 1982 signe une nouvelle étape dans le travail de Comtois, étape dans laquelle s’inscrit << Implications of White >> (1984-1985), caractérisée par l’abandon de la surface lisse au profit de surfaces fortement texturées. À l’instar des travaux tardifs de l’artiste, qui témoignent de ses préoccupations pour la question de l’espace pictural, la surface de l’œuvre est composée à la fois de panneaux incongrus et d’une variété de matériaux incluant le plâtre, le ciment et la cire, qui lui confèrent une qualité résolument tactile.",,A 86 28 P 1,"Comtois, Louis",1076
From Cadmium Red Deep,1979,Acrylique sur toile,165.3 x 306.3 cm,"Don de l’artiste et de monsieur Reiner Schürmann, grâce à la collaboration de l’American Friends of Canada",Canadienne; Québécoise,Collection Musée d’art contemporain de Montréal,"Durant plus de vingt ans, de la fin des années 1960 jusqu’à son décès, en 1990, Louis Comtois développe une approche picturale essentiellement abstraite, marquée par une attention particulière à l’égard des rapports couleur/lumière. Tributaire en cela des acquis réalisés par le mouvement plasticien, en particulier par Fernand Leduc, sa peinture des années 1970, parfois épurée à l’extrême, se présente comme une quête d’absolu. À partir de 1975, il conçoit des polyptyques rythmiques composés de panneaux verticaux juxtaposés, où les rapports entre la délimitation physique des tableaux et celle des champs colorés activent l’espace optique. Vers la fin des années 1970, la composition en intervalles réguliers se fragmente et des panneaux inégaux sont introduits. Les frontières des champs colorés ne correspondent plus essentiellement à celles des panneaux, troublant l’autonomie de ces derniers. Comtois poursuit une réduction rigoureuse de la couleur vers une surface de plus en plus monochrome, dotée de subtils jeux de nuances qui se révèlent au gré de la perception pour engendrer des glissements optiques animant l’espace pictural. << From Cadmium Red Deep >>, (1979), recèle cette tension énergétique qui émane des rapports entre la planéité de l’œuvre et l’espace optique ondulatoire rythmé par la succession horizontale des nuances profondes ou claires.",http://imagesrcip.macm.org/d9521p5_in1.jpg,D 95 21 P 5,"Comtois, Louis",1076
Intermittences de lumière,1988,"Huile, cire, bois, métal, ciment, plâtre et jute imbibé de plâtre sur bois",274.6 x 224.5 cm,"Don de l’artiste et de monsieur Reiner Schürmann, grâce à la collaboration de l’American Friends of Canada",Canadienne; Québécoise,Collection Musée d’art contemporain de Montréal,"Durant plus de vingt ans, de la fin des années 1960 jusqu’à son décès, en 1990, Louis Comtois développe une approche picturale essentiellement abstraite et tributaire des acquis réalisés par le mouvement plasticien, en particulier par Fernand Leduc. Ses travaux sont marqués par l’attention particulière qu’il porte aux rapports couleur/lumière. Au début des années 1980, après avoir poursuivi une recherche approfondie de la couleur, Comtois délaisse l’acrylique et la toile traditionnelle pour adopter l’huile d’abord, puis une variété de matériaux tels que le bois, le plâtre et le ciment, matériaux qui constituent désormais la base de sa peinture et d‘expérimentations poussées. Témoin des préoccupations de l’artiste pour la question de l’espace pictural, ces œuvres intègrent une matérialité qui fait ressortir l’aspect tactile et en magnifie la sensualité par le biais des nuances et des variations qualitatives de la surface. L’œuvre de Comtois demande ouverture et disponibilité. Elle ne se livre au spectateur qu’à travers le temps passé à la fréquenter, à l’observer.",,D 95 22 MD 3,"Comtois, Louis",1076
Église Bonsecours à Montréal,1898,Huile sur toile,50 x 35 cm,Achat,Canadienne; Québécoise,Collection Lavalin du Musée d’art contemporain de Montréal,,http://imagesrcip.macm.org/a92293p1_in1.jpg,A 92 293 P 1,"Delfosse, Georges",3693
Marché Bonsecours,1928,Huile sur toile,90 x 65 cm,Achat,Canadienne; Québécoise,Collection Lavalin du Musée d’art contemporain de Montréal,"Né à Mascouche en 1869, Georges Delfosse devient peintre à une époque où la peinture canadienne est encore fortement ancrée dans les traditions de l’académisme européen. Ayant suivi une formation auprès de Joseph Chabert à l’Institut national des beaux-arts de Montréal, sous William Brymner à l’Art Association of Montreal et sous Edmond Dyonnet, il poursuit son perfectionnement en France, en 1908. Durant cette période, il est déjà un portraitiste recherché et exécute de nombreuses commandes de tableaux religieux, voués à intégrer des églises au Canada et aux États-Unis. C’est toutefois dans le domaine de la peinture historique que son talent se fait le plus ressentir. Animé d’un amour nostalgique, il peint le Vieux-Montréal et ses lieux, ses monuments et bâtiments anciens qui inscrivent dans le tissu urbain l’histoire chargée de la métropole. Dotées d’un réalisme poignant qui rappelle celui de Canaletto et ses scènes vénitiennes, les représentations et reconstitutions historiques de Delfosse reflètent la sensibilité du peintre pour la valeur expressive de la lumière. L’œuvre << Marché Bonsecours >>, peinte en 1928, illustre une scène de la rue Saint-Paul dans le Vieux-Montréal. On peut y voir le clocher de la Chapelle Notre-Dame-de-Bon-Secours et, en arrière-plan, la coupole scintillante du Marché Bonsecours qui émerge des zones ombragées pour baigner glorieusement dans la lumière du soleil.",http://imagesrcip.macm.org/a92633p1_in1.jpg,A 92 633 P 1,"Delfosse, Georges",3693
Berry Head,Vers 1805,Eau-forte,51 cm x 67 cm,Achat,Canadienne,Collection Lavalin du Musée d’art contemporain de Montréal,,http://imagesrcip.macm.org/a92645g1_in1.jpg,A 92 645 G 1,"Desbarres, Joseph Frederick Wallet",3509
White Haven,Vers 1805,Eau-forte,64 x 49 cm,Achat,Canadienne,Collection Lavalin du Musée d’art contemporain de Montréal,,http://imagesrcip.macm.org/a92665g1_in1.jpg,A 92 665 G 1,"Desbarres, Joseph Frederick Wallet",3509
Sans titre (Étude pour la « Contre-composition XIII »),1926,"Encre, gouache et crayon sur papier monté sur carton",22 x 17.3 cm,Achat,Néerlandaise,Collection Musée d’art contemporain de Montréal,"Considéré comme l’un des pionniers de l’abstraction, Theo van Doesburg fonde, en 1917, le groupe et la revue << De Stijl >> (qui signifie « le style »), dont il est le principal porte-parole, et s’associe étroitement à Piet Mondrian. Les membres de ce groupe partagent une vision utopique et œuvrent vers l’élaboration d’un langage universel de l’art, accessible à tous. La géométrie s’impose comme principe fondamental des compositions néoplasticiennes, basées sur la ligne droite, sur des combinaisons asymétriques de carrés et de rectangles et sur une palette restreinte, limitée aux couleurs primaires, ainsi qu’au blanc et au noir. Vers 1923, réagissant aux restrictions imposées par « le style » et contre une application trop dogmatique des principes du néoplasticisme, notamment l’usage strict des lignes horizontales et verticales tant prôné par Piet Mondrian, il produit sa première « Contre-composition » et introduit l’élément diagonal dans sa recherche de l’espace dynamique. Il publie, en 1926, le manifeste de l’<< Élémentarisme >>, qui dirigera dorénavant le parcours du néoplasticisme en définissant un mode de construction essentiellement fondé sur les rapports directionnels entre différentes diagonales ainsi que sur des rapports « dissonants » de la couleur, perçue comme une énergie autonome. Ce dessin est une étude pour la << Contre -composition XIII >> (1926) qui se trouve dans la collection Peggy Guggenheim à Venise. On peut y déceler l’application d’une composition « périphérique », principe élaboré par van Doesburg dans son manifeste et qui, comme l’indique le titre, va à l’encontre des principes classiques de composition, soit le regroupement d’éléments autour d’un espace central. Ici, les éléments diagonaux se développent de l’intérieur vers l’extérieur de l’espace pictural. L’œil est appelé à suivre la trajectoire des obliques pour compléter la forme au-delà des limites de l’image.",,A 86 24 D 1,"Doesburg, Theo van",2867
"Ely Cathedral : 5th Nave Aisle, to West",Vers 1890,Épreuve à la gélatine argentique,26.5 x 21.1 cm,Achat,Britannique,Collection Musée d’art contemporain de Montréal,,,A 78 87 PH 1,"Evans, Frederick H.",1323
Intérieur : L’Abat-jour rose,Vers 1930,Huile sur toile,55 x 38 cm,Achat,Canadienne; Québécoise,Collection Lavalin du Musée d’art contemporain de Montréal,"Considéré comme un ambassadeur de la peinture canadienne, Clarence Gagnon est célébré pour ses représentations de paysages québécois et européens et pour ses illustrations du roman de Louis Hémon, << Maria Chapdelaine >>. Dès la fin des années 1890, alors qu’il étudie à l’Art Association of Montreal sous William Brymner, il s’intéresse aux représentations idéalisées du paysage proposées par ce dernier. Tout au long de sa carrière, il se refusera aux tendances du modernisme pour s’exécuter dans un style naturaliste qui rend hommage à la vie rurale et à ses habitants. Le tableau << Intérieur : L’Abat-jour rose >> revêt plusieurs caractéristiques des travaux tardifs de l’artiste, soit un recours à des couleurs vives et chaudes, ainsi qu’un traité atmosphérique de la matière. L’œuvre recèle aussi ce caractère intimiste, témoin d’une appréciation inébranlable du quotidien que l’on retrouve dans nombre de ses paysages et de ses scènes rurales hivernales.",http://imagesrcip.macm.org/a92643p1_in1.jpg,A 92 643 P 1,"Gagnon, Clarence",3538
Portrait de Nicolas Wells,1858,Huile sur toile,76.3 x 61 cm,Achat,Canadienne; Québécoise,Collection Lavalin du Musée d’art contemporain de Montréal,,,A 92 550 P 1,"Hamel, Théophile",3872
Jeune garçon,1853,Huile sur toile,55 x 45 cm,Achat,Canadienne; Québécoise,Collection Lavalin du Musée d’art contemporain de Montréal,,http://imagesrcip.macm.org/a92892p1_in1.jpg,A 92 892 P 1,"Hamel, Théophile",3872
"Landscape, Yale, B.C.",1909,Huile sur carton,14.9 x 20.3 cm,Achat,Canadienne,Collection Lavalin du Musée d’art contemporain de Montréal,"Figure marquante de la peinture canadienne, Robert Harris cofonde, en 1880, l’Académie royale des arts du Canada qu’il préside pendant treize ans, à compter de 1893. Connu surtout pour ses portraits dotés d’un réalisme poignant et pour ses scènes de genre redevables à la tradition hollandaise, il peint aussi des paysages qui lui permettent d’expérimenter les techniques impressionnistes acquises lors d’un séjour d’études en France, sous Léon Bonnat, à la fin des années 1870. Ce tableau, réalisé lors d’un séjour à Yale, en Colombie-Britannique, illustre son grand talent de coloriste. L’influence de la peinture française se révèle particulièrement dans la qualité expressive et libérée des coups de pinceau de l’artiste.",http://imagesrcip.macm.org/a92928p1_in1.jpg,A 92 928 P 1,"Harris, Robert",3874
"Landscape, Yale, B.C.",1909,Huile sur carton,14.9 x 20.3 cm,Achat,Canadienne,Collection Lavalin du Musée d’art contemporain de Montréal,,http://imagesrcip.macm.org/a92929p1_in1.jpg,A 92 929 P 1,"Harris, Robert",3874
"Landscape, Yale, B.C.",1909,Huile sur carton,14.8 x 20.3 cm,Achat,Canadienne,Collection Lavalin du Musée d’art contemporain de Montréal,,http://imagesrcip.macm.org/a92930p1_in1.jpg,A 92 930 P 1,"Harris, Robert",3874
"Lake Louise, Alberta",1909,Huile sur carton,15 x 20.2 cm,Achat,Canadienne,Collection Lavalin du Musée d’art contemporain de Montréal,,http://imagesrcip.macm.org/a92931p1_in1.jpg,A 92 931 P 1,"Harris, Robert",3874
Yale,1909,Huile sur carton,14.9 x 20.3 cm,Achat,Canadienne,Collection Lavalin du Musée d’art contemporain de Montréal,"Figure marquante de la peinture canadienne, Robert Harris cofonde, en 1880, l’Académie royale des arts du Canada qu’il préside pendant treize ans, à compter de 1893. Connu surtout pour ses portraits dotés d’un réalisme poignant et pour ses scènes de genre redevables à la tradition hollandaise, il peint aussi des paysages qui lui permettent d’expérimenter les techniques impressionnistes acquises lors d’un séjour d’études en France, sous Léon Bonnat, à la fin des années 1870. Ce tableau, réalisé lors d’un séjour à Yale en Colombie-Britannique, illustre son grand talent de coloriste. L’influence de la peinture française se révèle particulièrement dans la qualité expressive et libérée des coups de pinceau de l’artiste.",http://imagesrcip.macm.org/a92932p1_in1.jpg,A 92 932 P 1,"Harris, Robert",3874
Mine Worker,Vers 1910,Épreuve à la gélatine argentique,17.7 x 12.8 cm,Achat,Américaine,Collection Musée d’art contemporain de Montréal,"Sociologue de formation, Lewis Hine découvre que la caméra peut être un outil puissant de recherche et documente ainsi, entre 1905 et 1940, divers aspects de la société américaine. Il illustre notamment l’arrivée des immigrants à Ellis Island, la vie des travailleurs de l’acier, le travail des enfants dans les usines et les mines, la Première Guerre mondiale, etc. La photographie lui permet de dévoiler efficacement au grand public les injustices sociales et d’exercer, grâce à une prise de conscience collective, un moyen de pression puissant auprès des autorités. Cette œuvre illustrant un mineur est l’une des nombreuses photographies montrant l’homme au travail, sur les chemins de fer, dans les usines et les filatures, sur les chantiers de construction, partout où sa contribution est mise au profit de l’expansion industrielle. Exceptionnellement ici, l’isolement du sujet par rapport à son lieu de travail concentre toute l’attention sur l’individu, l’être humain, pour en partager l’intimité et le transformer en une figure symbolique.",,A 78 89 PH 1,"Hine, Lewis Wickes",1605
Deux femmes de Caughnawaga,Avant 1930,Huile sur toile,60.5 x 50.5 cm,Achat,Canadienne; Québécoise,Collection Lavalin du Musée d’art contemporain de Montréal,"Né en 1887 à Montréal, John Young Johnstone étudie à l’Art Association of Montreal, sous la tutelle de William Brymner, ainsi qu’à Paris, où il fréquente l’Académie de la Grande Chaumière et devient l’élève de Lucien Simon et de René Ménard. Il se spécialise dans la peinture de paysages et de scènes de genre rurales qu’il exécute dans un style marqué par l’influence de l’impressionnisme et du réalisme français. Le tableau << Deux femmes de Caughnawaga >> illustre deux Amérindiennes vêtues d’un grand châle, de la réserve de Caughnawaga (aujourd’hui Kahnawake) située tout près de Montréal. Il existe une riche tradition de représentation de ce thème dans l’art canadien, que l’on retrouve notamment dans l’œuvre de Cornelius Krieghoff et de Marc-Aurèle de Foy Suzor-Côté.",http://imagesrcip.macm.org/a92484p1_in1.jpg,A 92 484 P 1,"Johnstone, John Young",3614
Ovale,1925,"Eau-forte, 106/300",56.8 x 45.2 cm,Achat,Russe; Allemande,Collection Musée d’art contemporain de Montréal,"Considéré comme l’un des grands théoriciens de l’art et l’un des pionniers de l’art abstrait, Wassily Kandinsky découvre très tôt le pouvoir expressif des formes et des couleurs pures. L’eau-forte << Ovale >>, de 1925, reprend l’huile sur carton intitulée << Ovale No 2 >> de la même année, conservée au Centre national d’art et de culture Georges-Pompidou, à Paris. Les œuvres de cette période font suite à la « période froide » de l’artiste et sont en général de petites dimensions. Toutefois, l’organisation de l’image les rend plus susceptibles d’avoir une apparence monumentale tout en conservant l’équilibre des formes. La ligne joue un rôle de premier plan dans les dessins de Kandinsky, où le graphisme exprime le mouvement. La configuration dynamique, les formes et les couleurs, s’amalgament et mettent en évidence leurs effets tactiles avec une maîtrise toute naturelle.",http://imagesrcip.macm.org/a6795g1_in1.jpg,A 67 95 G 1,"Kandinsky, Wassily",1674
Untere und obere Tiere,1918,Encre sur papier,30.5 x 23.2 cm,Achat,Suisse; Allemande,Collection Musée d’art contemporain de Montréal,"L’œuvre de Paul Klee se situe au confluent de la figuration et de l’abstraction, parmi celles des pionniers de l’avant-garde contemporaine. Peintre, poète et théoricien, Klee est aussi professeur de graphisme et de la couleur au Bauhaus, de 1920 à 1933. S’inspirant des dessins d’enfants et du graphisme des arts primitifs, il donne une orientation intuitive à son œuvre, où les formes sont perçues en tant qu’expression pure. C’est d’abord dans l’œuvre dessinée que se manifestent les talents de l’artiste. << Untere und obere Tiere >>, qui signifie « Des animaux en haut et en bas », est une construction rythmique où les courbes se déploient en mouvements larges et pleins de faisceaux de lignes parallèles. Les formes expérimentales, purement linéaires, sont des ébauches d’architecture qui deviendront, en 1921, des perspectives spatiales. Ces motifs architectoniques et les animaux métamorphosés structurent l’image et se confondent. L’oiseau, la flèche et le cœur font partie des thèmes qui illustrent l’œuvre ultérieure de l’artiste.",http://imagesrcip.macm.org/a778d1_in1.jpg,A 77 8 D 1,"Klee, Paul",1693
Ecrian,1922,Linogravure,23 x 10.5 cm,Achat,Russe,Collection Musée d’art contemporain de Montréal,"La qualité fondamentale de l’œuvre de Gustav Klucis réside dans l’agencement des volumes et des plans suprématistes. Fortement influencé par les idées de Malevich, où la structure de la composition semble flotter dans le vide, il est aussi attiré par les théories du sculpteur et pionnier du constructivisme russe Naum Gabo, en raison de son intérêt pour la relation de la forme dans l’espace. Les compositions axonométriques du début des années 1920 montrent la volonté de l’artiste d’organiser des formes d’après des rapports orthogonaux et de les concentrer en oblique en suivant un axe central. La problématique de son œuvre est contenue dans cet assemblage abstrait qui rappelle les structures aériennes et linéaires d’El Lissitzky. Contrairement à ce dernier, Klucis rassemble ses éléments en une masse compacte. Leur agencement donne l’effet, dans cette linogravure de 1922, d’une puissante masse architecturale. La dynamique de la ligne droite est à la base de toute la conception de son œuvre. Gustav Klucis concilie son art aux exigences sociopolitiques et renforce son intérêt pour l’art architectural.",,A 77 45 G 1,"Klucis, Gustav Gustavovich",1699
Vue de Montréal,1896,Huile sur carton,30.2 x 40.7 cm,Achat,Canadienne; Québécoise,Collection Lavalin du Musée d’art contemporain de Montréal,"À la fin du XIXe siècle, la peinture canadienne demeure ancrée dans la tradition européenne du portrait et du paysage. Comme nombre d’artistes québécois de l’époque, Ludger Larose poursuit son perfectionnement en France, à la fin des années 1880, et au début des années 1890, où il étudie à l’École des Beaux-Arts de Paris avec Jean-Paul Laurens et Gustave Moreau. De retour à Montréal, il partage son temps entre l’enseignement et sa pratique personnelle. Le tableau << Vue de Montréal >> (1896) illustre un panorama pittoresque de la ville et de son fleuve. Exécutée dans un style redevable à la tradition naturaliste, l’œuvre témoigne de la versatilité du peintre, connu aussi pour ses scènes de genre et ses portraits d’un réalisme hautement raffiné.",http://imagesrcip.macm.org/a92648p1_in1.jpg,A 92 648 P 1,"Larose, Ludger",3897
Sans titre,Vers 1900,Cyanotype,30 x 25.2 cm,Achat,Française,Collection Musée d’art contemporain de Montréal,"Pionnier de la photographie d’architecture, Albert Levy est un photographe français surtout actif en France et aux États-Unis entre 1870 et 1905. Au cours de sa carrière, il s’intéresse à l’architecture urbaine et produit plusieurs albums photographiques. Une de ses principales réalisations sera la publication de l’importante série intitulée << Albert Levy's Photographic Series of Modern American Architecture >>, qui porte sur l’architecture de grandes villes américaines, incluant Baltimore, Washington, New York et Chicago. Ce cyanotype, réalisé vers 1900, illustre un immeuble d’habitation à Paris. Albert Levy a notamment usé de ce procédé pour réaliser une série de photographies de l’Exposition universelle de Paris, en 1900.",http://imagesrcip.macm.org/a8079ph1_in1.jpg,A 80 79 PH 1,"Levy, Albert",1849
Proun VI,1923,"Lithographie, Édition de 50",60 x 43.5 cm,Achat,Russe,Collection Musée d’art contemporain de Montréal,"L’œuvre d’El Lissitzky est profondément marquée, à ses débuts, par la conception suprématiste de Kasimir Malevich. L’artiste intègre dans ses schèmes complexes une réduction de la forme par une peinture non-objective, libre de toute attache représentative ou symbolique, et par une énergie constructiviste basée sur l’expérimentation de l’espace du volume et de la ligne, selon le principe du dynamisme de l’œuvre. Le mot « Proun », qu’il utilise à partir de 1919 comme titre général à son œuvre expérimentale, est un cryptogramme formé par la combinaison du préfixe « pro » pour « projet » et des initiales U.N.O.V.I.S. des mots russes signifiant « une affirmation du nouveau en art ». L’album << Proun >> (1923), dont fait partie cette lithographie, est exécuté à Berlin dans la tradition allemande de l’édition d’art qui lui confère un luxe rare pour l’époque. Les premiers « Prouns » de Lissitzky sont caractérisés par un espace centripète qui rappelle certaines œuvres à plans rotatifs d’Alexandre Rodchenko. L’importance de << Proun VI >> consiste précisément dans la destruction complète de l’axe central, en se basant sur le principe du refus de l’harmonie, de la symétrie et du rythme. La lecture de l’œuvre se fait de plusieurs points de vue grâce à la composition ouverte sur tous les côtés qui semble flotter dans l’espace. Lissitzky est probablement le premier artiste du début du siècle à léguer un nombre important d’œuvres gravées d’une remarquable facture.",,A 80 114 G 1,"Lissitzky, El",1861
"La Propriété de l’artiste, à Gentilly",Vers 1853,Huile sur toile,70.4 x 92.4 cm,Achat,Canadienne; Québécoise,Collection Lavalin du Musée d’art contemporain de Montréal,"Joseph Légaré est l’un des premiers peintres paysagistes du Canada. Homme politique et artiste autodidacte, il apprend à peindre en restaurant une collection de tableaux de grands maîtres européens qui fut endommagée durant la Révolution française, puis apportée au Canada par les abbés Desjardins, prêtres émigrés de France. De 1819 à 1825, il engage comme apprenti le jeune Antoine Plamondon. Ce tableau, qui illustre la demeure de l’artiste à Gentilly (aujourd’hui Bécancour), a été exposé à l’Albany Institute of History and Art en 1946, dans le cadre de l’exposition << Painting in Canada: a historical survey >>. Selon le catalogue de cette exposition, les personnages qui y figurent incluent le père et la mère de l’artiste en arrière-plan, Geneviève Damien – sa femme – et lui-même, à la gauche, ainsi que sa sœur, son frère, et ses trois filles, Caroline, Létitia et Célia, en avant-plan.",,A 92 274 P 1,"Légaré, Joseph",3928
Mt. Lefroy & E. End Lake O’Hara (Afternoon Light),1929,Huile sur carton,21.5 x 26.6 cm,Don de la Fondation Max et Iris Stern,Canadienne,Collection Musée d’art contemporain de Montréal,"Membre fondateur du Groupe des Sept, J. E. H. MacDonald se consacre dès 1911 à une recherche passionnée de la nature et de ses saisissantes manifestations. Inspiré par les idées des écrivains américains Walt Whitman et Henry David Thoreau, il cherche à exprimer à travers l’art l’expérience profonde et spirituelle que lui confèrent les vastes paysages canadiens. À compter de 1922 et jusqu’à sa mort en 1932, il s’intéresse plus particulièrement aux étendues sans limites et aux paysages tumultueux de la Nouvelle-Écosse et de la Colombie-Britannique. Il réalise notamment de nombreuses petites esquisses à l’huile qui traduisent avec vigueur le caractère particulier des Rocheuses canadiennes. Ce tableau, qui illustre le mont Lefroy et le lac O’Hara en Colombie-Britannique, témoigne de l’immense qualité expressive des études réalisées à cette époque. On y décèle sa façon typique de styliser les formes, laquelle renvoie à son grand talent de dessinateur acquis grâce à une solide formation en graphisme. J.E.H. MacDonald était particulièrement attiré par les Rocheuses pour leurs formes structurales et leur présence massive, dont il tente d’exprimer l’impact physique et l’effet émotif dans ses travaux.",,D 88 125 P 1,"MacDonald, James Edward Hervey",3124
Peaks of Lake O’Hara,1929,Huile sur carton,21.5 x 26.6 cm,Don de la Fondation Max et Iris Stern,Canadienne,Collection Musée d’art contemporain de Montréal,"Membre fondateur du Groupe des Sept, J. E. H. MacDonald se consacre dès 1911 à une recherche passionnée de la nature et de ses saisissantes manifestations. Inspiré par les idées des écrivains américains Walt Whitman et Henry David Thoreau, il cherche à exprimer à travers l’art l’expérience profonde et spirituelle que lui confèrent les vastes paysages canadiens. À compter de 1922 et jusqu’à sa mort en 1932, il s’intéresse plus particulièrement aux étendues sans limites et aux paysages tumultueux de la Nouvelle-Écosse et de la Colombie-Britannique. Il réalise notamment de nombreuses petites esquisses à l’huile qui traduisent avec vigueur le caractère particulier des Rocheuses canadiennes. Ce tableau, qui illustre le paysage montagneux aux abords du lac O’Hara, en Colombie-Britannique, témoigne de l’immense qualité expressive des petites études réalisées par l’artiste à cette époque. On y décèle sa façon typique de styliser les formes, laquelle renvoie à son grand talent de dessinateur acquis grâce à une solide formation en graphisme. J.E.H. MacDonald était particulièrement attiré par les Rocheuses pour leurs formes structurales et leur présence massive, dont il tente d’exprimer l’impact physique et l’effet émotif dans ses travaux.",,D 88 126 P 1,"MacDonald, James Edward Hervey",3124
Jeune fille agenouillée,1900,"Bronze, Édition de 8",25.5 x 8.3 x 10.4 cm,Don du docteur Max Stern,Française,Collection Musée d’art contemporain de Montréal,"Aristide Maillol est l’un des sculpteurs les plus éminents du modernisme classique. Peintre à ses débuts, il se distancie des traditions académiques et trouve inspiration dans les recherches primitives de Paul Gauguin et dans l’art des peintres nabis. Vers 1895, il s’intéresse plus sérieusement à la sculpture et poursuivra dans sa pratique une rigoureuse analyse de la forme humaine. Fidèle au thème du nu féminin aux formes voluptueuses, rondes et fortement inspirées des canons de l’antiquité, la petite statue << Jeune fille agenouillée >> (1900) illustre le traitement idéalisé de la masse, caractéristique de son travail sculptural.",http://imagesrcip.macm.org/d83104s1_in1.jpg,D 83 104 S 1,"Maillol, Aristide",2668
"Arrière-scène, acte II, scène 5 (tirée de l’album « Sieg über die Sonne », 1913)",1913 (tirage de 1973),"Sérigraphie, 10/100",41.9 x 29.5 cm,Achat,Russe,Collection Musée d’art contemporain de Montréal,"Cette sérigraphie fait partie d’un album réalisé en 1973 d’après les décors et les costumes conçus par Kasimir Malevich pour l’opéra futuriste russe << Victoire sur le soleil >>. Cet opéra de 1913 a été écrit par le poète Alexei Kroutchenykh et la musique, dont les partitions ont disparu, est du peintre Mikhaïl Matiouchine. Les décors et les costumes cubo-futuristes conçus par Malevich pour ce projet sont considérés comme étant le dernier pas de l’artiste dans son évolution vers le suprématisme. Qualifié de « transrationalisme », le libretto de << Victoire sur le soleil >> raconte l’histoire de héros futuristes s’élançant à la conquête du soleil, le symbole de la raison. La victoire sur le soleil représente donc un assaut contre la culture dominante que les artistes souhaitaient abolir. L’opéra-performance a été joué à deux reprises, les 3 et 5 décembre 1913, au théâtre Luna-Park de Saint-Pétersbourg.",http://imagesrcip.macm.org/a7852g15_1_in1.jpg,A 78 52 G 15 (1),"Malevich, Kasimir",1914
"Arrière-scène, acte I, scène 2 (tirée de l’album « Sieg über die Sonne », 1913)",1913 (tirage de 1973),"Sérigraphie, 10/100",41.9 x 29.5 cm,Achat,Russe,Collection Musée d’art contemporain de Montréal,,http://imagesrcip.macm.org/a7852g15_2_in1.jpg,A 78 52 G 15 (2),"Malevich, Kasimir",1914
"Arrière-scène, acte II, scène 6 (tirée de l’album « Sieg über die Sonne », 1913)",1913 (tirage de 1973),"Sérigraphie, 10/100",41.9 x 29.5 cm,Achat,Russe,Collection Musée d’art contemporain de Montréal,,http://imagesrcip.macm.org/a7852g15_3_in1.jpg,A 78 52 G 15 (3),"Malevich, Kasimir",1914
"L’Obèse ou le gros (tirée de l’album « Sieg über die Sonne », 1913)",1913 (tirage de 1973),"Sérigraphie, 10/100",41.9 x 29.5 cm,Achat,Russe,Collection Musée d’art contemporain de Montréal,"Cette sérigraphie fait partie d’un album réalisé en 1973 d’après les décors et les costumes conçus par Kasimir Malevich pour l’opéra futuriste russe << Victoire sur le soleil >>. Cet opéra de 1913 a été écrit par le poète Alexei Kroutchenykh et la musique, dont les partitions ont disparu, est du peintre Mikhaïl Matiouchine. Les décors et les costumes cubo-futuristes conçus par Malevich pour ce projet sont considérés comme étant le dernier pas de l’artiste dans son évolution vers le suprématisme. Qualifié de « transrationalisme », le libretto de << Victoire sur le soleil >> raconte l’histoire de héros futuristes s’élançant à la conquête du soleil, le symbole de la raison. La victoire sur le soleil représente donc un assaut contre la culture dominante que les artistes souhaitaient abolir. L’opéra-performance a été joué à deux reprises, les 3 et 5 décembre 1913, au théâtre Luna-Park de Saint-Pétersbourg.",http://imagesrcip.macm.org/a7852g15_4_in1.jpg,A 78 52 G 15 (4),"Malevich, Kasimir",1914
"Le Bagareur (tirée de l’album « Sieg über die Sonne », 1913)",1913 (tirage de 1973),"Sérigraphie, 10/100",41.9 x 29.5 cm,Achat,Russe,Collection Musée d’art contemporain de Montréal,,http://imagesrcip.macm.org/a7852g15_5_in1.jpg,A 78 52 G 15 (5),"Malevich, Kasimir",1914
"Néron (tirée de l’album « Sieg über die Sonne », 1913)",1913 (tirage de 1973),"Sérigraphie, 10/100",41.9 x 29.5 cm,Achat,Russe,Collection Musée d’art contemporain de Montréal,,http://imagesrcip.macm.org/a7852g15_6_in1.jpg,A 78 52 G 15 (6),"Malevich, Kasimir",1914
"Le Belligérant (tirée de l’album « Sieg über die Sonne », 1913)",1913 (tirage de 1973),"Sérigraphie, 10/100",41.9 x 29.5 cm,Achat,Russe,Collection Musée d’art contemporain de Montréal,,http://imagesrcip.macm.org/a7852g15_7_in1.jpg,A 78 52 G 15 (7),"Malevich, Kasimir",1914
"Un arborigène ou le vieux (tirée de l’album « Sieg über die Sonne », 1913)",1913 (tirage de 1973),"Sérigraphie, 10/100",41.9 x 29.5 cm,Achat,Russe,Collection Musée d’art contemporain de Montréal,,http://imagesrcip.macm.org/a7852g15_8_in1.jpg,A 78 52 G 15 (8),"Malevich, Kasimir",1914
"L’Homme nouveau (tirée de l’album « Sieg über die Sonne », 1913)",1913 (tirage de 1973),"Sérigraphie, 10/100",41.9 x 29.5 cm,Achat,Russe,Collection Musée d’art contemporain de Montréal,,http://imagesrcip.macm.org/a7852g15_9_in1.jpg,A 78 52 G 15 (9),"Malevich, Kasimir",1914
"Un choriste (tirée de l’album « Sieg über die Sonne », 1913)",1913 (tirage de 1973),"Sérigraphie, 10/100",41.9 x 29.5 cm,Achat,Russe,Collection Musée d’art contemporain de Montréal,,http://imagesrcip.macm.org/a7852g15_10_in1.jpg,A 78 52 G 15 (10),"Malevich, Kasimir",1914
"Un certain malintentionné (tirée de l’album « Sieg über die Sonne », 1913)",1913 (tirage de 1973),"Sérigraphie, 10/100",41.9 x 29.5 cm,Achat,Russe,Collection Musée d’art contemporain de Montréal,,http://imagesrcip.macm.org/a7852g15_11_in1.jpg,A 78 52 G 15 (11),"Malevich, Kasimir",1914
"L’Ouvrier attentif (tirée de l’album « Sieg über die Sonne », 1913)",1913 (tirage de 1973),"Sérigraphie, 10/100",41.9 x 29.5 cm,Achat,Russe,Collection Musée d’art contemporain de Montréal,,http://imagesrcip.macm.org/a7852g15_12_in1.jpg,A 78 52 G 15 (12),"Malevich, Kasimir",1914
"L’Ennemi (tirée de l’album « Sieg über die Sonne », 1913)",1913 (tirage de 1973),"Sérigraphie, 10/100",41.9 x 29.5 cm,Achat,Russe,Collection Musée d’art contemporain de Montréal,"Cette sérigraphie fait partie d’un album réalisé en 1973 d’après les décors et les costumes conçus par Kasimir Malevich pour l’opéra futuriste russe << Victoire sur le soleil >>. Cet opéra de 1913 a été écrit par le poète Alexei Kroutchenykh et la musique, dont les partitions ont disparu, est du peintre Mikhaïl Matiouchine. Les décors et les costumes cubo-futuristes conçus par Malevich pour ce projet sont considérés comme étant le dernier pas de l’artiste dans son évolution vers le suprématisme. Qualifié de « transrationalisme », le libretto de << Victoire sur le soleil >> raconte l’histoire de héros futuristes s’élançant à la conquête du soleil, le symbole de la raison. La victoire sur le soleil représente donc un assaut contre la culture dominante que les artistes souhaitaient abolir. L’opéra-performance a été joué à deux reprises, les 3 et 5 décembre 1913, au théâtre Luna-Park de Saint-Pétersbourg.",http://imagesrcip.macm.org/a7852g15_13_in1.jpg,A 78 52 G 15 (13),"Malevich, Kasimir",1914
"Hercule (tirée de l’album « Sieg über die Sonne », 1913)",1913 (tirage de 1973),"Sérigraphie, 10/100",41.9 x 29.5 cm,Achat,Russe,Collection Musée d’art contemporain de Montréal,,http://imagesrcip.macm.org/a7852g15_14_in1.jpg,A 78 52 G 15 (14),"Malevich, Kasimir",1914
"Porteur de soleil (tirée de l’album « Sieg über die Sonne », 1913)",1913 (tirage de 1973),"Sérigraphie, 10/100",41.9 x 29.5 cm,Achat,Russe,Collection Musée d’art contemporain de Montréal,,http://imagesrcip.macm.org/a7852g15_15_in1.jpg,A 78 52 G 15 (15),"Malevich, Kasimir",1914
Croix suprématiste,1920 (tirage de 1973),"Gravure sur bois, 41/75",29.8 x 23.8 cm,Achat,Russe,Collection Musée d’art contemporain de Montréal,"Faisant abstraction de toute référence extérieure, le noir et le blanc occupent une place centrale dans l’art suprématiste. Ce choix de couleurs procède d’un refus de la réalité illusoire dans la représentation picturale prônée par l’idéal suprématiste. Kasimir Malevich affirme que le carré est le lieu de genèse des éléments de la croix et du cercle dans son art. Il utilise la composition cruciforme dès 1915, mais cette forme deviendra une constante dans son travail seulement à partir de 1919. Le rapport des formes en croix disposées en diagonale produit un effet dynamique qui suggère une structure formelle sans liens de dépendance entre les formes.",,A 80 47 G 1,"Malevich, Kasimir",1914
Luce,1912,Collage et encre sur papier,31 x 20.8 cm,Achat,Italienne,Collection Musée d’art contemporain de Montréal,,http://imagesrcip.macm.org/a8156co1_in1.jpg,A 81 56 CO 1,"Marinetti, Filippo Tommaso",1925
Sans titre,1922,Gravure sur bois,22.5 x 17.5 cm,Don de la Galerie Gilles Gheerbrant,Américaine,Collection Musée d’art contemporain de Montréal,"Peintre, sculpteur, graphiste, photographe, cinéaste, théoricien et professeur, László Moholy-Nagy figure parmi les pionniers du modernisme. Inspiré par les idées révolutionnaires de Kasimir Malevich, par les pionniers du constructivisme russe, du dadaïsme et du mouvement De Stijl, il prône la non-objectivité de l’art à travers une réduction des formes et de la couleur, et par l’entremise d’un recours à des procédés mécaniques de création. Professeur au Bauhaus au début des années 1920 et pionnier de la photographie non-objective, il aura une influence majeure sur le développement de l’art abstrait. Moholy-Nagy s’intéresse à la gravure surtout entre 1919 et 1925. Ses gravures de 1922 témoignent d’une affinité à l’égard des principes constructivistes axés sur le recours aux formes géométriques, ainsi qu’à l’espace infini des compositions suprématistes, marquées par une réduction de la couleur au noir et au blanc.",http://imagesrcip.macm.org/d8152g1_in2.jpg,D 81 52 G 1,"Moholy-Nagy, László",1993
"Sans titre (tirée d’un album « Sans titre », 1922 - 1926)",1922 - 1926 (tirage de 1973),"Épreuve argentique, 29/50",17.8 x 24 cm,Achat,Hongroise; Allemande,Collection Musée d’art contemporain de Montréal,,http://imagesrcip.macm.org/a8157ph10_1_in1.jpg,A 81 57 PH 10 (1),"Moholy-Nagy, László",1993
"Sans titre (tirée d’un album « Sans titre », 1922 - 1926)",Vers 1922 - 1926 (tirage de 1973),"Épreuve argentique, 29/50",40.6 x 31 cm,Achat,Hongroise; Allemande,Collection Musée d’art contemporain de Montréal,,http://imagesrcip.macm.org/a8157ph10_2_in1.jpg,A 81 57 PH 10 (2),"Moholy-Nagy, László",1993
"Sans titre (tirée d’un album « Sans titre », 1922 - 1926)",Vers 1922 - 1926 (tirage de 1973),"Épreuve argentique, 29/50",40.5 x 30.7 cm,Achat,Hongroise; Allemande,Collection Musée d’art contemporain de Montréal,,http://imagesrcip.macm.org/a8157ph10_3_in1.jpg,A 81 57 PH 10 (3),"Moholy-Nagy, László",1993
"Sans titre (tirée d’un album « Sans titre », 1922 - 1926)",Vers 1922 - 1926 (tirage de 1973),"Épreuve argentique, 29/50",40.5 x 30.9 cm,Achat,Hongroise; Allemande,Collection Musée d’art contemporain de Montréal,,http://imagesrcip.macm.org/a8157ph10_4_in1.jpg,A 81 57 PH 10 (4),"Moholy-Nagy, László",1993
"Sans titre (tirée d’un album « Sans titre », 1922 - 1926)",Vers 1922 - 1926 (tirage de 1973),"Épreuve argentique, 29/50",40.3 x 30.8 cm,Achat,Hongroise; Allemande,Collection Musée d’art contemporain de Montréal,,http://imagesrcip.macm.org/a8157ph10_5_in1.jpg,A 81 57 PH 10 (5),"Moholy-Nagy, László",1993
"Sans titre (tirée d’un album « Sans titre », 1922 - 1926)",Vers 1922 - 1926 (tirage de 1973),"Épreuve argentique, 29/50",40.4 x 30.9 cm,Achat,Hongroise; Allemande,Collection Musée d’art contemporain de Montréal,,http://imagesrcip.macm.org/a8157ph10_6_in1.jpg,A 81 57 PH 10 (6),"Moholy-Nagy, László",1993
"Laszlo und Lucia (tirée d’un album « Sans titre », 1922 - 1926)",Vers 1920 (tirage de 1973),"Épreuve argentique, 29/50",36.2 x 28.8 cm,Achat,Hongroise; Allemande,Collection Musée d’art contemporain de Montréal,"Cette image est une reproduction photographique d’un photogramme créé par László Moholy-Nagy au début des années 1920. Elle fait partie d’un album de 10 épreuves argentiques sous emboîtage, tirées en 1973. À travers l’art, Moholy-Nagy vise à augmenter la perception naturelle en proposant des rapports formels d’espace et de lumière rendus possibles par l’entremise de l’optique photographique. Pour ses recherches, il privilégie le photogramme, car ce mode lui permet de produire des images qui ne seraient autrement pas accessibles à l’œil. Ses photogrammes, qu’il nomme « compostions lumineuses », sont essentiellement des pièces uniques réalisées sans caméra ni pellicule, à partir d’objets placés directement entre une feuille de papier photosensible et une (ou plusieurs) source(s) de lumière. D’apparence généralement abstraite et spectrale, ces images sont novatrices du fait qu’elles rendent des effets de mouvement et libèrent la lumière des manifestations formelles que lui impose la photographie traditionnelle. Cette production s’inscrit au même titre que les recherches picturales effectuées par l’avant-garde à cette époque, ouvrant ainsi la porte aux développements subséquents qui élèveront la photographie au rang des beaux-arts. Le titre de ce photogramme suggère que les deux profils qui le composent soient ceux de l’artiste et de Lucia Schulz, sa future épouse.",http://imagesrcip.macm.org/a8157ph10_7_in1.jpg,A 81 57 PH 10 (7),"Moholy-Nagy, László",1993
"Selbstportrat (tirée d’un album « Sans titre », 1922 - 1926)",Vers 1922 - 1926 (tirage de 1973),"Épreuve argentique, 29/50",36.9 x 28 cm,Achat,Hongroise; Allemande,Collection Musée d’art contemporain de Montréal,,http://imagesrcip.macm.org/a8157ph10_8_in1.jpg,A 81 57 PH 10 (8),"Moholy-Nagy, László",1993
"Selbstbildnis (tirée d’un album « Sans titre », 1922 - 1926)",1926 (tirage de 1973),"Épreuve argentique, 29/50",23.8 x 18 cm,Achat,Hongroise; Allemande,Collection Musée d’art contemporain de Montréal,,http://imagesrcip.macm.org/a8157ph10_9_in1.jpg,A 81 57 PH 10 (9),"Moholy-Nagy, László",1993
"Sans titre (tirée d’un album « Sans titre », 1922 - 1926)",1922 (tirage de 1973),"Épreuve argentique, 29/50",17.6 x 12.1 cm,Achat,Hongroise; Allemande,Collection Musée d’art contemporain de Montréal,,http://imagesrcip.macm.org/a8157ph10_10_in1.jpg,A 81 57 PH 10 (10),"Moholy-Nagy, László",1993
"Parking lot Chicago (tirée de l’album « Sans titre », 1920 - 1939)",1938 (tirage de 1973),"Épreuve à la gélatine argentique, 44/50",29.5 x 35 cm,Achat,Hongroise; Allemande,Collection Musée d’art contemporain de Montréal,,http://imagesrcip.macm.org/a8158ph12_1_in1.jpg,A 81 58 PH 12 (1),"Moholy-Nagy, László",1993
"Akt positiv-Akt negativ (tirée de l’album « Sans titre », 1920 - 1939)",1931 (tirage de 1973),"2 épreuves à la gélatine argentique, 44/50","40.6 x 29.3 cm (négatif), 40.5 x 28.9 cm (positif)",Achat,Hongroise; Allemande,Collection Musée d’art contemporain de Montréal,,http://imagesrcip.macm.org/a8158ph12_2_in1.jpg,A 81 58 PH 12 (2),"Moholy-Nagy, László",1993
"Katze (tirée de l’album « Sans titre », 1920 - 1939)",Vers 1930 (tirage de 1973),"Épreuve à la gélatine argentique, 44/50",24.1 x 17.5 cm,Achat,Hongroise; Allemande,Collection Musée d’art contemporain de Montréal,,http://imagesrcip.macm.org/a8158ph12_3_in1.jpg,A 81 58 PH 12 (3),"Moholy-Nagy, László",1993
"Blick vom radioturn Berlin (tirée de l’album « Sans titre », 1920 - 1939)",1928 (tirage de 1973),"Épreuve à la gélatine argentique, 44/50",26.2 x 20.5 cm,Achat,Hongroise; Allemande,Collection Musée d’art contemporain de Montréal,,http://imagesrcip.macm.org/a8158ph12_4_in1.jpg,A 81 58 PH 12 (4),"Moholy-Nagy, László",1993
"Helsinki (tirée de l’album « Sans titre », 1920 - 1939)",1927 (tirage de 1973),"Épreuve à la gélatine argentique, 44/50",39.2 x 30.1 cm,Achat,Hongroise; Allemande,Collection Musée d’art contemporain de Montréal,,http://imagesrcip.macm.org/a8158ph12_5_in1.jpg,A 81 58 PH 12 (5),"Moholy-Nagy, László",1993
"Rothenburg (tirée de l’album « Sans titre », 1920 - 1939)",Vers 1930 (tirage de 1973),"Épreuve à la gélatine argentique, 44/50",17.9 x 23.8 cm,Achat,Hongroise; Allemande,Collection Musée d’art contemporain de Montréal,,http://imagesrcip.macm.org/a8158ph12_6_in1.jpg,A 81 58 PH 12 (6),"Moholy-Nagy, László",1993
"Dusk at the playing field of Eton (tirée de l’album « Sans titre », 1920 - 1939)",1936 (tirage de 1973),"Épreuve à la gélatine argentique, 44/50",20.9 x 26.5 cm,Achat,Hongroise; Allemande,Collection Musée d’art contemporain de Montréal,,http://imagesrcip.macm.org/a8158ph12_7_in1.jpg,A 81 58 PH 12 (7),"Moholy-Nagy, László",1993
"Bienenwabe (tirée de l’album « Sans titre », 1920 - 1939)",1939 (tirage de 1973),"Épreuve à la gélatine argentique, 44/50",50.5 x 41.1 cm,Achat,Hongroise; Allemande,Collection Musée d’art contemporain de Montréal,"Artiste et théoricien, figure centrale du Bauhaus à Weimar et à Dessau, où il enseigne de 1923 à 1928, László Moholy-Nagy a profondément marqué le cours de la photographie dans son ascension au rang de l’art. Forgées dans le sillage du mouvement constructiviste, ses idées prônent l’usage du médium comme outil de contestation des conventions de la perception visuelle et des traditions de la représentation. Au cours de ses recherches, il jette un regard neuf sur un mode de perception traditionnel et illusoire. << Bienenwabe >>, qui signifie « rayons de miel », se veut un exemple convainquant de l’attitude de l’artiste pour le médium photographique et son potentiel, afin de générer des images qui vont au-delà de la pure représentation. Bien que son sujet soit figuratif et de l’ordre de la nature, l’artiste effectue des choix techniques qui accentuent les qualités formelles de l’image : jeux de contrastes captivants, plan rapproché et élimination de la perspective avec insistance sur un motif géométrique, aspects qui font écho, entre autres, aux recherches picturales de l’artiste en peinture. Cette œuvre est un tirage de 1973 d’une photographie de 1939 faisant partie d’un album de 12 épreuves à la gélatine argentique (<< Sans titre >>), lesquelles ont été produites entre 1920 et 1939.",http://imagesrcip.macm.org/a8158ph12_8_in1.jpg,A 81 58 PH 12 (8),"Moholy-Nagy, László",1993
"Switzerland (tirée de l’album « Sans titre », 1920 - 1939)",1925 (tirage de 1973),"Épreuve à la gélatine argentique, 44/50",50.5 x 41 cm,Achat,Hongroise; Allemande,Collection Musée d’art contemporain de Montréal,,http://imagesrcip.macm.org/a8158ph12_9_in1.jpg,A 81 58 PH 12 (9),"Moholy-Nagy, László",1993
"Ellen (Sellin) (tirée de l’album « Sans titre », 1920 - 1939)",1929 (tirage de 1973),"Épreuve à la gélatine argentique, 44/50",38.7 x 30.5 cm,Achat,Hongroise; Allemande,Collection Musée d’art contemporain de Montréal,"Artiste et théoricien, figure centrale du Bauhaus à Weimar et à Dessau, où il enseigne de 1923 à 1928, László Moholy-Nagy a profondément marqué le cours de la photographie dans son ascension au rang de l’art. Forgées dans le sillage du mouvement constructiviste, ses idées prônent l’usage du médium comme outil de contestation des conventions de la perception visuelle et des traditions de la représentation. Au cours de ses recherches, il jette un regard neuf sur un mode de perception traditionnel et illusoire. Parallèlement à ses expérimentations avec le photogramme, la photographie de Moholy-Nagy poursuit trois principaux objectifs, soit l’obtention de séquences par juxtaposition de motifs simples et souvent géométriques, une utilisation inhabituelle de la perspective et de la superposition à des fins de recherche et une représentation du mouvement réel à travers des jeux de lumière. Propre à ses préoccupations, cette photographie de l’actrice Ellen Frank se révèle une composition avant d’être un portrait. On peut y déceler diverses techniques contrant la fonction purement représentative de l’image, dont la superposition des plans et l’élimination de la perspective centrale par l’entremise du cadrage resserré, effets contribuant à une planéité qui attire l’attention sur les formes et la lumière.",http://imagesrcip.macm.org/a8158ph12_10_in1.jpg,A 81 58 PH 12 (10),"Moholy-Nagy, László",1993
"Boote (tirée de l’album « Sans titre », 1920 - 1939)",Vers 1930 (tirage de 1973),"Épreuve à la gélatine argentique, 44/50",38.5 x 39.5 cm,Achat,Hongroise; Allemande,Collection Musée d’art contemporain de Montréal,,http://imagesrcip.macm.org/a8158ph12_11_in1.jpg,A 81 58 PH 12 (11),"Moholy-Nagy, László",1993
"Kanaloffnung (tirée de l’album « Sans titre », 1920 - 1939)",1926 (tirage de 1973),"Épreuve à la gélatine argentique, 44/50",40.5 x 31 cm,Achat,Hongroise; Allemande,Collection Musée d’art contemporain de Montréal,,http://imagesrcip.macm.org/a8158ph12_12_in1.jpg,A 81 58 PH 12 (12),"Moholy-Nagy, László",1993
"Hinter Gottes Rücken (tirée de l’album « Sans titre », 1925 - 1927)",1926 (tirage de 1973),"Épreuve à la gélatine argentique, 43/50",37 x 28.8 cm,Achat,Hongroise; Allemande,Collection Musée d’art contemporain de Montréal,,http://imagesrcip.macm.org/a8159ph10_1_in1.jpg,A 81 59 PH 10 (1),"Moholy-Nagy, László",1993
"Wie bleibe ich jung und schon? (tirée de l’album « Sans titre », 1925 - 1927)",1925 (tirage de 1973),"Épreuve à la gélatine argentique, 43/50",31 x 22.4 cm,Achat,Hongroise; Allemande,Collection Musée d’art contemporain de Montréal,,http://imagesrcip.macm.org/a8159ph10_2_in1.jpg,A 81 59 PH 10 (2),"Moholy-Nagy, László",1993
"Mord auf den Schienen (tirée de l’album « Sans titre », 1925 - 1927)",1925 (tirage de 1973),"Épreuve à la gélatine argentique, 43/50",23.8 x 18 cm,Achat,Hongroise; Allemande,Collection Musée d’art contemporain de Montréal,"Les recherches photographiques de László Moholy-Nagy, qualifiées de « photographie abstraite », font partie de cette avant-garde méconnue des années vingt surnommée la « nouvelle photographie ». Artiste et théoricien, Moholy-Nagy a profondément marqué le cours de la photographie dans son ascension au rang de l’art. Forgées dans le sillage du mouvement constructiviste, ses idées prônent l’usage du médium comme outil de contestation des conventions de la perception visuelle et des traditions de la représentation. Au cours de ses recherches, il jette un regard neuf sur un mode de perception traditionnel et illusoire. Inspiré du photomontage dadaïste, Moholy-Nagy crée notamment des assemblages picturaux, où il combine des fragments d’images photographiques, ainsi que des éléments graphiques, générant de cette manière des compositions percutantes qui interpellent l’imaginaire. Le titre de cette œuvre signifie « Meurtre sur les rails ».",http://imagesrcip.macm.org/a8159ph10_3_in1.jpg,A 81 59 PH 10 (3),"Moholy-Nagy, László",1993
"Das Weltgebaude (tirée de l’album « Sans titre », 1925 - 1927)",1925 (tirage de 1973),"Épreuve à la gélatine argentique, 43/50",36.5 x 28 cm,Achat,Hongroise; Allemande,Collection Musée d’art contemporain de Montréal,,http://imagesrcip.macm.org/a8159ph10_4_in1.jpg,A 81 59 PH 10 (4),"Moholy-Nagy, László",1993
"Die zerruttete ehe (tirée de l’album « Sans titre », 1925 - 1927)",1925 (tirage de 1973),"Épreuve à la gélatine argentique, 43/50",17.5 x 13.5 cm,Achat,Hongroise; Allemande,Collection Musée d’art contemporain de Montréal,"Les recherches photographiques de László Moholy-Nagy, qualifiées de « photographie abstraite », font partie de cette avant-garde méconnue des années vingt surnommée la « nouvelle photographie ». Artiste et théoricien, Moholy-Nagy a profondément marqué le cours de la photographie dans son ascension au rang de l’art. Forgées dans le sillage du mouvement constructiviste, ses idées prônent l’usage du médium comme outil de contestation des conventions de la perception visuelle et des traditions de la représentation. Au cours de ses recherches, il jette un regard neuf sur un mode de perception traditionnel et illusoire. Inspiré du photomontage dadaïste, Moholy-Nagy crée notamment des assemblages picturaux, où il combine des fragments d’images photographiques, ainsi que des éléments graphiques, générant de cette manière des compositions percutantes qui interpellent l’imaginaire. Le titre de cette œuvre signifie « Le foyer éclaté ».",http://imagesrcip.macm.org/a8159ph10_5_in1.jpg,A 81 59 PH 10 (5),"Moholy-Nagy, László",1993
"Mein Name ist Hase (tirée de l’album « Sans titre », 1925 - 1927)",1927 (tirage de 1973),"Épreuve à la gélatine argentique, 43/50",50.6 x 41.1 cm,Achat,Hongroise; Allemande,Collection Musée d’art contemporain de Montréal,,http://imagesrcip.macm.org/a8159ph10_6_in1.jpg,A 81 59 PH 10 (6),"Moholy-Nagy, László",1993
"Leda und der Schwan (tirée de l’album « Sans titre », 1925 - 1927)",1926 (tirage de 1973),"Épreuve à la gélatine argentique, 43/50",18.1 x 13.5 cm,Achat,Hongroise; Allemande,Collection Musée d’art contemporain de Montréal,,http://imagesrcip.macm.org/a8159ph10_7_in1.jpg,A 81 59 PH 10 (7),"Moholy-Nagy, László",1993
"Die Korsettstange (tirée de l’album « Sans titre », 1925 - 1927)",Vers 1925 - 1927 (tirage de 1973),"Épreuve à la gélatine argentique, 43/50",27.5 x 20.9 cm,Achat,Hongroise; Allemande,Collection Musée d’art contemporain de Montréal,,http://imagesrcip.macm.org/a8159ph10_8_in1.jpg,A 81 59 PH 10 (8),"Moholy-Nagy, László",1993
"Eifersucht (tirée de l’album « Sans titre », 1925 - 1927)",1927 (tirage de 1973),"Épreuve à la gélatine argentique, 43/50",31.2 x 23 cm,Achat,Hongroise; Allemande,Collection Musée d’art contemporain de Montréal,,http://imagesrcip.macm.org/a8159ph10_9_in1.jpg,A 81 59 PH 10 (9),"Moholy-Nagy, László",1993
"The Shooting Gallery (tirée de l’album « Sans titre », 1925 - 1927)",1925 (tirage de 1973),"Épreuve à la gélatine argentique, 43/50",29.6 x 38.8 cm,Achat,Hongroise; Allemande,Collection Musée d’art contemporain de Montréal,,http://imagesrcip.macm.org/a8159ph10_10_in1.jpg,A 81 59 PH 10 (10),"Moholy-Nagy, László",1993
Study of a Nude,Vers 1924,Huile sur toile,80.7 x 54 cm,Achat,Canadienne; Québécoise,Collection Musée d’art contemporain de Montréal,"À la tournée du XXe siècle, la peinture canadienne demeure encore très attachée à la tradition européenne. Nombre de peintres désireux de se perfectionner étudieront à Paris sous la tutelle des grands maîtres. Issu de cette génération, le peintre d’origine montréalaise James Wilson Morrice s’y rend vers 1890 et y demeure périodiquement. Voyageur, il rencontre de nombreux artistes, dont James McNeill Whistler et Henri Matisse, qui exerceront une grande influence sur son œuvre. Peint vers 1924, le tableau << Study of a Nude >> reprend le sujet intimiste, privilégié par l’artiste vers 1900. Il est exemplaire toutefois de son œuvre mature : l’espace pictural est réduit à quelques grandes étendues de teintes harmonieuses, modulées par l’application de couches fines et diluées de peinture.",http://imagesrcip.macm.org/a772p1_in1.jpg,A 77 2 P 1,"Morrice, James Wilson",2026
Paris Canal,Vers 1900,Huile sur bois,12.2 x 15.3 cm,Don du docteur Max Stern,Canadienne; Québécoise,Collection Musée d’art contemporain de Montréal,"Premier peintre canadien bénéficiant d’une grande renommée à l’étranger, James Wilson Morrice quitte le Québec pour l’Europe vers 1890, afin de poursuivre une formation artistique, d’abord à L’Académie Julian puis sous la tutelle d’Henri Harpignies, maître de l’école de Barbizon. Réalisé lors de l’un de ses nombreux séjours dans la capitale française, où il habite périodiquement à partir de 1890, le petit tableau << Paris Canal >>, peint vers 1900, est exemplaire du travail de l’artiste à la tournée du XXe siècle. L’influence de l’école de Barbizon est évidente dans la technique de Morrice, qui peint d’après nature sur de petits panneaux de bois. Ayant découvert la peinture impressionniste à Paris, il applique la couleur en couches généreuses et disjointes, ponctuées d’éclats lumineux.",http://imagesrcip.macm.org/d83108p1_in1.jpg,D 83 108 P 1,"Morrice, James Wilson",2026
On the Terrace,1905,Crayon sur papier,16 x 21 cm,Achat,Canadienne; Québécoise,Collection Lavalin du Musée d’art contemporain de Montréal,"James Wilson Morrice est considéré comme le premier artiste moderne canadien à connaître le succès à l’étranger. En 1890, il part pour l’Europe, où il se perfectionne en peinture en côtoyant de nombreux artistes tels qu’Henri Harpignies, James McNeill Whistler et Henri Matisse. Il opte très tôt pour une démarche de peinture en plein air, tout comme les peintres de l’école de Barbizon, ce qui l’emmènera à voyager souvent en quête de nouveaux paysages. Ce dessin sur deux pages est tiré d’un cahier à croquis de l’artiste. L’œuvre illustre la sensibilité de ce dernier pour les sujets de nature intimiste qui relèvent du quotidien.",http://imagesrcip.macm.org/a92950d1_in1.jpg,A 92 950 D 1,"Morrice, James Wilson",2026
Animal Locomotion,1887,"Phototypie, planche nº 607",20 x 37 cm,Achat,Américaine,Collection Musée d’art contemporain de Montréal,,,A 77 61 PH 1,"Muybridge, Eadweard",2038
Animal Locomotion,1887,"Phototypie, planche nº 616",48.5 x 61.2 cm,Achat,Américaine,Collection Musée d’art contemporain de Montréal,"En 1870, le photographe d’origine anglaise Eadweard Muybridge invente le zoöpraxiscope, un appareil qui lui permet de reproduire le mouvement par projection successive de photographies sur écran. Invité à l’Université de Pennsylvanie par le peintre américain Thomas Eakins, qui s’intéresse également à l’étude du mouvement, il publie ses recherches, en 1887, sous le titre << Animal Locomotion. An Electrophotographic Investigation of Consecutive Phases of Animal Movements >>. Issue de cette publication, cette phototypie illustre le mouvement du cheval au galop, sellé par un homme.",http://imagesrcip.macm.org/a7762ph1_in1.jpg,A 77 62 PH 1,"Muybridge, Eadweard",2038
Animal Locomotion,1887,"Phototypie, planche nº 576",34 x 49.5 cm,Achat,Américaine,Collection Musée d’art contemporain de Montréal,,,A 77 63 PH 1,"Muybridge, Eadweard",2038
Montreal from the Mountain,Vers 1880,Épreuve à la gélatine argentique (tirage postérieur),16.9 x 23.1 cm,Achat,Canadienne,Collection Musée d’art contemporain de Montréal,"Né en Écosse en 1826, William Notman s’installe à Montréal. Il ouvre un studio de photographie en 1856 et s’affirme rapidement comme le photographe le plus éminent de la ville. Doté d’un talent artistique et d’un sens aiguisé des affaires, il développe son entreprise avec succès et devient le premier photographe canadien à atteindre une renommée à l’international. Le noyau de son œuvre est constitué de portraits, mais son studio se produit dans une variété quasi encyclopédique de genres, incluant des images composites, des paysages pittoresques et des vues industrielles. Dès 1858, engagé par la compagnie du Grand Trunk Railway pour photographier la construction du pont Victoria, Notman documente la vitalité et l’évolution de Montréal. Ses photographies dressent un portrait inestimable des lieux aux XIXe et XXe siècles, moment où Montréal est la capitale commerciale du Canada et l’une des principales plaques tournantes de l’industrie nord-américaine. Issue de ce corpus, l’œuvre << Montreal from the Mountain >> immortalise le panorama montréalais à une époque charnière de son histoire, à partir de son point de vue iconique sur le mont Royal.",http://imagesrcip.macm.org/a8050ph1_in1.jpg,A 80 50 PH 1,"Notman, William",2074
Mme Paradis,1841,Huile sur toile,91.5 x 76.8 cm,Achat,Canadienne; Québécoise,Collection Lavalin du Musée d’art contemporain de Montréal,,,A 92 275 P 1,"Plamondon, Antoine-Sébastien",3663
Enfant de la famille Robitaille,1830,Huile sur bois,20.6 x 16.6 cm,Achat,Canadienne; Québécoise,Collection Lavalin du Musée d’art contemporain de Montréal,,http://imagesrcip.macm.org/a92753p1_in1.jpg,A 92 753 P 1,"Plamondon, Antoine-Sébastien",3663
Mme Boucher de Boucherville,1830,Huile sur toile,32.8 x 27.8 cm,Achat,Canadienne; Québécoise,Collection Lavalin du Musée d’art contemporain de Montréal,,,A 92 994 P 1,"Plamondon, Antoine-Sébastien",3663
Sans titre,1921,Linogravure,33 x 24.5 cm,Achat,Russe,Collection Musée d’art contemporain de Montréal,"Associée au groupe Supremus de Kasimir Malevich, Liubov Popova participe aux expositions du << Valet de carreau >>, où elle expose ses premières toiles architectoniques basées sur l’interaction active des plans et sur la recherche d’un point focal dans le contexte d’une nouvelle conception de l’espace pictural. Parmi ses conceptions architectoniques, la gravure sur linoléum << Sans titre >> (1921) s’inspire de certaines œuvres produites à partir de 1917. Une gouache sur papier de 1917-1919 et un dessin de 1921 font foi d’études préparatoires pour cette linogravure. Par la subtile combinaison des formes et de l’espace, par l’austérité de l’organisation et des plans axiaux, Popova poursuit, à l’exemple de Vladimir Tatlin et d’Alexandre Rodchenko, une œuvre constructiviste. La conception picturale de l’œuvre est constituée d’une succession de plans projetés librement de bas en haut et suspendus en même temps dans le vide. L’expressivité des masses de couleurs contrastées a un effet de rythme et de mouvement qui sera de plus en plus évident dans les dernières œuvres de Popova.",,A 80 64 G 1,"Popova, Liubov",2162
Jean D’Aire,1887 (fonte Susse 1966),"Bronze, 5/12",215 x 68 x 67 cm,Don du docteur Max Stern,Française,Collection Musée d’art contemporain de Montréal,"Cette fonte ultérieure d’une sculpture d’Auguste Rodin est rattachée au célèbre chef d’œuvre << Les Bourgeois de Calais >>, monument commandé à l’artiste par la Ville de Calais en 1884 et inauguré en 1895. L’œuvre visait à commémorer l’acte héroïque des six bourgeois qui se sont livrés au roi d’Angleterre afin d’épargner la vie des habitants de Calais, lors du siège de 1346-1347. Le monument de Rodin illustre les six hommes qui se dirigent vers le camp anglais pour y rendre les clés de la ville avant d’être exécutés. Bien que leurs vies aient été finalement été épargnées, l’œuvre souligne le drame et la tragédie du sacrifice, plutôt que de le glorifier. Face à leur funeste destin, les figures expriment chacune leur propre conflit intérieur. Vêtu d’une simple tunique, la corde au cou, Jean D’aire se tient bien droit, mais son regard est soucieux et sa mâchoire et ses poings serrés trahissent son tourment.",http://imagesrcip.macm.org/d8139s1_in1.jpg,D 81 39 S 1,"Rodin, Auguste",2279
"Portrait of Hilde Pagh, Niece of the Artist",1911,Huile sur toile,78.6 x 102.5 cm,Don de madame et monsieur Michal Hornstein,Allemande,Collection Musée d’art contemporain de Montréal,,http://imagesrcip.macm.org/d8626p1_in2.jpg,D 86 26 P 1,"Slavona, Maria",2862
Tête de femme,1899,Fusain sur papier,36.2 x 29.4 cm,Achat,Canadienne; Québécoise,Collection Musée d’art contemporain de Montréal,"Peintre et sculpteur québécois connu pour sa versatilité, Marc-Aurèle de Foy Suzor-Côté figure parmi les artistes canadiens les plus importants du début du XXe siècle. Doué en dessin, il travaille comme apprenti décorateur d’églises avant de se rendre à Paris, en 1891, pour y parfaire sa formation. Au fil des années qui suivent, il fréquente l’École des Beaux-Arts, ainsi que les académies Julian et Colarossi. Bien que son style se définisse davantage dans les années à venir, il se démarque déjà vers 1900. À cette époque, il peint dans un style académique des portraits, des paysages, des scènes de genre, des nus et des natures mortes qu’il expose fréquemment dans les salons, à Montréal et à Paris. Il participe notamment à l’Exposition universelle de Paris de 1900, où une dizaine de ses tableaux sont présentés au pavillon canadien. Exécutée dans un style académique hérité de sa formation parisienne, l’œuvre << Tête de femme >> témoigne du grand talent de dessinateur de l’artiste.",http://imagesrcip.macm.org/a7737d1_in1.jpg,A 77 37 D 1,"Suzor-Coté, Marc-Aurèle de Foy",3506
Nature morte (Fleurs),Vers 1900,Huile sur toile,49.2 x 37.9 cm,Achat,Canadienne; Québécoise,Collection Lavalin du Musée d’art contemporain de Montréal,"Peintre et sculpteur québécois connu pour sa versatilité, Marc-Aurèle de Foy Suzor-Côté figure parmi les artistes canadiens les plus importants du début du XXe siècle. Doué en dessin, il travaille comme apprenti décorateur d’églises avant de se rendre à Paris, en 1891, pour y parfaire sa formation. Au fil des années qui suivent, il fréquente l’École des Beaux-Arts, ainsi que les académies Julian et Colarossi. Bien que son style se définisse davantage dans les années à venir, il se démarque déjà vers 1900. À cette époque, il peint dans un style académique des portraits, des paysages, des scènes de genre, des nus et des natures mortes qu’il expose fréquemment dans les salons, à Montréal et à Paris. Il participe notamment à l’Exposition universelle de Paris de 1900, où une dizaine de ses tableaux sont présentés au pavillon canadien. Issu de cette époque, le tableau << Nature morte (Fleurs) >> illustre le grand talent de Suzor-Coté, qui y opère une synthèse des styles hérités de sa formation parisienne. Le sujet est purement académique, mais la touche libérée de l’artiste témoigne d’une influence impressionniste sur son art.",,A 92 679 P 1,"Suzor-Coté, Marc-Aurèle de Foy",3506
John W. Beatty Jr. and His Sister Katherine Elizabeth,1903,Photogravure,29 x 20.9 cm,Achat,Américaine,Collection Musée d’art contemporain de Montréal,"En tant que membre fondateur du collectif Photo-Secession, Clarence Hudson White s’inscrit parmi les artistes qui ont œuvré pour élever la photographie au rang des beaux-arts. D’abord inspiré par la vie rurale et sociale de son Ohio natal, il se fait connaître pour ses portraits et ses compositions empreints d’une atmosphère brumeuse qui mettent en valeur l’élégance et la luminosité des formes. À l’instar de Julia Margaret Cameron, il emploie le flou photographique à des fins expressives.",http://imagesrcip.macm.org/a78101ph1_in1.jpg,A 78 101 PH 1,"White, Clarence Hudson",2570
